{
  "Search Request" : {
    "transaction" : "Search Request",
    "sampleCount" : 502,
    "errorCount" : 0,
    "errorPct" : 0.0,
    "meanResTime" : 133051.81474103592,
    "medianResTime" : 140321.5,
    "minResTime" : 24812.0,
    "maxResTime" : 242219.0,
    "pct1ResTime" : 231363.2,
    "pct2ResTime" : 235563.85,
    "pct3ResTime" : 241994.24,
    "throughput" : 1.8457918152737436,
    "receivedKBytesPerSec" : 334.0848607210813,
    "sentKBytesPerSec" : 0.23432903904842445
  },
  "Total" : {
    "transaction" : "Total",
    "sampleCount" : 1199,
    "errorCount" : 501,
    "errorPct" : 41.78482,
    "meanResTime" : 106440.23769808176,
    "medianResTime" : 100567.0,
    "minResTime" : 1.0,
    "maxResTime" : 242219.0,
    "pct1ResTime" : 211303.0,
    "pct2ResTime" : 228478.0,
    "pct3ResTime" : 241066.0,
    "throughput" : 4.408574475125933,
    "receivedKBytesPerSec" : 1472.5345791528016,
    "sentKBytesPerSec" : 0.5171827890024635
  },
  "HTTP Request" : {
    "transaction" : "HTTP Request",
    "sampleCount" : 500,
    "errorCount" : 499,
    "errorPct" : 99.8,
    "meanResTime" : 48204.907999999974,
    "medianResTime" : 5130.5,
    "minResTime" : 1.0,
    "maxResTime" : 228628.0,
    "pct1ResTime" : 206835.7,
    "pct2ResTime" : 208918.75,
    "pct3ResTime" : 227455.96,
    "throughput" : 1.8512416277597386,
    "receivedKBytesPerSec" : 822.8700590071699,
    "sentKBytesPerSec" : 0.20444649726571612
  },
  "Homepage Request" : {
    "transaction" : "Homepage Request",
    "sampleCount" : 197,
    "errorCount" : 2,
    "errorPct" : 1.0152284,
    "meanResTime" : 186433.4010152284,
    "medianResTime" : 185015.0,
    "minResTime" : 1.0,
    "maxResTime" : 228560.0,
    "pct1ResTime" : 226051.8,
    "pct2ResTime" : 226906.6,
    "pct3ResTime" : 228547.26,
    "throughput" : 0.8199109335331085,
    "receivedKBytesPerSec" : 363.6576291450764,
    "sentKBytesPerSec" : 0.0903524550505681
  }
}